Model,Greek,Mean,Std,Min,Max,Count
Black-Scholes,delta,0.09790826325998482,0.5402299881480658,-0.8672118636222088,0.9527207299508996,150
Black-Scholes,gamma,0.012267247413115016,0.006041719985088503,0.003725699758676552,0.028134673487338793,150
Black-Scholes,theta,-11.660336772690652,9.071552125995664,-38.83496703811498,5.9336125035505844,150
Black-Scholes,vega,54.3661761907736,29.897954654044742,9.49404107400509,149.52257680006346,150
Black-Scholes,rho,5.086255131543305,80.37352710444543,-255.429023363026,270.05952486346916,150
